scenario,years,annual,density,depth,growth,recycle,compost,shortTons,volumeM3,areaKm2,squareSideKm
"Baseline 10 years",10,146100000,688,30,0,0,0,1461000000,1926448990.0290697,64.21496633430232,8.01342413293483
"Baseline 50 years",50,146100000,688,30,0,0,0,7305000000,9632244950.14535,321.0748316715117,17.91856109377959
"Baseline 100 years",100,146100000,688,30,0,0,0,14610000000,19264489900.2907,642.1496633430233,25.34067211703398
"Baseline",100,146100000,688,30,0,0,0,14610000000,19264489900.2907,642.1496633430233,25.34067211703398
"Recycle an extra 10%",100,146100000,688,30,0,0.1,0,13149000000,17338040910.261627,577.9346970087208,24.040272398804486
"Compost an extra 10%",100,146100000,688,30,0,0,0.1,13149000000,17338040910.261627,577.9346970087208,24.040272398804486
"Do both",100,146100000,688,30,0,0.1,0.1,11688000000,15411591920.232557,513.7197306744185,22.66538617968859
"Waste grows 1% per year",100,146100000,688,30,0.01,0,0,24907330047.84853,32842368798.76694,1094.745626625565,33.08694042406407
"1% growth, plus both changes",100,146100000,688,30,0.01,0.1,0.1,19925864038.278824,26273895039.013554,875.7965013004517,29.593859182277185
"Waste grows 2% per year",100,146100000,688,30,0.02,0,0,45617139893.833405,60149961037.980934,2004.998701266031,44.777211852303076
"20 m average depth",100,146100000,688,20,0,0,0,14610000000,19264489900.2907,963.2244950145349,31.035858212953205
"60 m average depth",100,146100000,688,60,0,0,0,14610000000,19264489900.2907,321.0748316715117,17.91856109377959
"Lower density: 653 kg/m³",100,146100000,653,30,0,0,0,14610000000,20297042957.733536,676.5680985911179,26.01092267858097
"Higher density: 830 kg/m³",100,146100000,830,30,0,0,0,14610000000,15968637411.325302,532.2879137108434,23.071365666358883
