scenario,idle,sleep,hours,nights,price,grid,kWh,dollars,kgCO2
"Baseline: 8 hours",30.25,2.69,8,365,0.2443,0.24357910269000002,80.4752,19.66009136,19.60207700479829
"4 hours each night",30.25,2.69,4,365,0.2443,0.24357910269000002,40.2376,9.83004568,9.801038502399145
"12 hours each night",30.25,2.69,12,365,0.2443,0.24357910269000002,120.7128,29.490137039999997,29.403115507197437
"47.5 W short idle",47.5,2.69,8,365,0.2443,0.24357910269000002,130.84519999999998,31.965482359999996,31.87115640729359
"100 W idle test",100,2.69,8,365,0.2443,0.24357910269000002,284.1452,69.41667235999999,69.2118328496706
"150 W idle test",150,2.69,8,365,0.2443,0.24357910269000002,430.1452,105.08447235999999,104.7743818424106
"Electricity at $0.15/kWh",30.25,2.69,8,365,0.15,0.24357910269000002,80.4752,12.07128,19.60207700479829
"Electricity at $0.35/kWh",30.25,2.69,8,365,0.35,0.24357910269000002,80.4752,28.16632,19.60207700479829
"Grid at 0.05 kg CO2/kWh",30.25,2.69,8,365,0.2443,0.05,80.4752,19.66009136,4.02376
"Grid at 0.70 kg CO2/kWh",30.25,2.69,8,365,0.2443,0.7,80.4752,19.66009136,56.33264
